JOB_NUMBER,USER,TIMESTAMP,COMMIT_ID,BRANCH,PLATFORM,MODE,VERSION,MODIFY_LOG,BUILD_ACTION,PACKAGE_MODE,IPA_METHOD,BUILD_CODE,ALIAS,PATCH_PLATFORM_MODE,PATCH_VERSION,PATCH_COMMIT
1520,sunshilong,Tue Jan 05 2021 15:46:02 GMT+0800 (China Standard Time),60bfce27eaa601b766193c3a376dcef7c2a6f234,origin/test/gc-not-login,ios,debug_server,1.0.0,UNDEFINED,build_app,UNDEFINED,adhoc ,1,UNDEFINED,UNDEFINED,UNDEFINED,UNDEFINED
1521,lanqixing,Tue Jan 05 2021 16:50:10 GMT+0800 (China Standard Time),0193b6c20edd581304acd3ae95be57ce8f14d514,origin/release/v1.2.10,ios,debug_server,1.2.10,UNDEFINED,build_app,UNDEFINED,adhoc ,1,1521,UNDEFINED,UNDEFINED,UNDEFINED
1522,sunshilong,Tue Jan 05 2021 18:25:54 GMT+0800 (China Standard Time),0193b6c20edd581304acd3ae95be57ce8f14d514,origin/release/v1.2.10,ios,release,1.2.10,UNDEFINED,build_app,UNDEFINED,appstore,35,UNDEFINED,UNDEFINED,UNDEFINED,UNDEFINED
1523,NO_JOB,UNDEFINED,UNDEFINED,UNDEFINED,UNDEFINED,UNDEFINED,UNDEFINED,UNDEFINED,UNDEFINED,UNDEFINED,UNDEFINED,UNDEFINED,UNDEFINED,UNDEFINED,UNDEFINED,UNDEFINED
1524,NO_JOB,UNDEFINED,UNDEFINED,UNDEFINED,UNDEFINED,UNDEFINED,UNDEFINED,UNDEFINED,UNDEFINED,UNDEFINED,UNDEFINED,UNDEFINED,UNDEFINED,UNDEFINED,UNDEFINED,UNDEFINED
1525,NO_JOB,UNDEFINED,UNDEFINED,UNDEFINED,UNDEFINED,UNDEFINED,UNDEFINED,UNDEFINED,UNDEFINED,UNDEFINED,UNDEFINED,UNDEFINED,UNDEFINED,UNDEFINED,UNDEFINED,UNDEFINED
1526,NO_JOB,UNDEFINED,UNDEFINED,UNDEFINED,UNDEFINED,UNDEFINED,UNDEFINED,UNDEFINED,UNDEFINED,UNDEFINED,UNDEFINED,UNDEFINED,UNDEFINED,UNDEFINED,UNDEFINED,UNDEFINED
1527,NO_JOB,UNDEFINED,UNDEFINED,UNDEFINED,UNDEFINED,UNDEFINED,UNDEFINED,UNDEFINED,UNDEFINED,UNDEFINED,UNDEFINED,UNDEFINED,UNDEFINED,UNDEFINED,UNDEFINED,UNDEFINED
1528,NO_JOB,UNDEFINED,UNDEFINED,UNDEFINED,UNDEFINED,UNDEFINED,UNDEFINED,UNDEFINED,UNDEFINED,UNDEFINED,UNDEFINED,UNDEFINED,UNDEFINED,UNDEFINED,UNDEFINED,UNDEFINED
1529,NO_JOB,UNDEFINED,UNDEFINED,UNDEFINED,UNDEFINED,UNDEFINED,UNDEFINED,UNDEFINED,UNDEFINED,UNDEFINED,UNDEFINED,UNDEFINED,UNDEFINED,UNDEFINED,UNDEFINED,UNDEFINED
1530,NO_JOB,UNDEFINED,UNDEFINED,UNDEFINED,UNDEFINED,UNDEFINED,UNDEFINED,UNDEFINED,UNDEFINED,UNDEFINED,UNDEFINED,UNDEFINED,UNDEFINED,UNDEFINED,UNDEFINED,UNDEFINED
1531,NO_JOB,UNDEFINED,UNDEFINED,UNDEFINED,UNDEFINED,UNDEFINED,UNDEFINED,UNDEFINED,UNDEFINED,UNDEFINED,UNDEFINED,UNDEFINED,UNDEFINED,UNDEFINED,UNDEFINED,UNDEFINED
1532,NO_JOB,UNDEFINED,UNDEFINED,UNDEFINED,UNDEFINED,UNDEFINED,UNDEFINED,UNDEFINED,UNDEFINED,UNDEFINED,UNDEFINED,UNDEFINED,UNDEFINED,UNDEFINED,UNDEFINED,UNDEFINED
1533,NO_JOB,UNDEFINED,UNDEFINED,UNDEFINED,UNDEFINED,UNDEFINED,UNDEFINED,UNDEFINED,UNDEFINED,UNDEFINED,UNDEFINED,UNDEFINED,UNDEFINED,UNDEFINED,UNDEFINED,UNDEFINED
1534,NO_JOB,UNDEFINED,UNDEFINED,UNDEFINED,UNDEFINED,UNDEFINED,UNDEFINED,UNDEFINED,UNDEFINED,UNDEFINED,UNDEFINED,UNDEFINED,UNDEFINED,UNDEFINED,UNDEFINED,UNDEFINED
1535,NO_JOB,UNDEFINED,UNDEFINED,UNDEFINED,UNDEFINED,UNDEFINED,UNDEFINED,UNDEFINED,UNDEFINED,UNDEFINED,UNDEFINED,UNDEFINED,UNDEFINED,UNDEFINED,UNDEFINED,UNDEFINED
1536,NO_JOB,UNDEFINED,UNDEFINED,UNDEFINED,UNDEFINED,UNDEFINED,UNDEFINED,UNDEFINED,UNDEFINED,UNDEFINED,UNDEFINED,UNDEFINED,UNDEFINED,UNDEFINED,UNDEFINED,UNDEFINED
1537,NO_JOB,UNDEFINED,UNDEFINED,UNDEFINED,UNDEFINED,UNDEFINED,UNDEFINED,UNDEFINED,UNDEFINED,UNDEFINED,UNDEFINED,UNDEFINED,UNDEFINED,UNDEFINED,UNDEFINED,UNDEFINED
1538,NO_JOB,UNDEFINED,UNDEFINED,UNDEFINED,UNDEFINED,UNDEFINED,UNDEFINED,UNDEFINED,UNDEFINED,UNDEFINED,UNDEFINED,UNDEFINED,UNDEFINED,UNDEFINED,UNDEFINED,UNDEFINED
1539,NO_JOB,UNDEFINED,UNDEFINED,UNDEFINED,UNDEFINED,UNDEFINED,UNDEFINED,UNDEFINED,UNDEFINED,UNDEFINED,UNDEFINED,UNDEFINED,UNDEFINED,UNDEFINED,UNDEFINED,UNDEFINED
1540,NO_JOB,UNDEFINED,UNDEFINED,UNDEFINED,UNDEFINED,UNDEFINED,UNDEFINED,UNDEFINED,UNDEFINED,UNDEFINED,UNDEFINED,UNDEFINED,UNDEFINED,UNDEFINED,UNDEFINED,UNDEFINED
1541,NO_JOB,UNDEFINED,UNDEFINED,UNDEFINED,UNDEFINED,UNDEFINED,UNDEFINED,UNDEFINED,UNDEFINED,UNDEFINED,UNDEFINED,UNDEFINED,UNDEFINED,UNDEFINED,UNDEFINED,UNDEFINED
1542,NO_JOB,UNDEFINED,UNDEFINED,UNDEFINED,UNDEFINED,UNDEFINED,UNDEFINED,UNDEFINED,UNDEFINED,UNDEFINED,UNDEFINED,UNDEFINED,UNDEFINED,UNDEFINED,UNDEFINED,UNDEFINED
1543,NO_JOB,UNDEFINED,UNDEFINED,UNDEFINED,UNDEFINED,UNDEFINED,UNDEFINED,UNDEFINED,UNDEFINED,UNDEFINED,UNDEFINED,UNDEFINED,UNDEFINED,UNDEFINED,UNDEFINED,UNDEFINED
1544,NO_JOB,UNDEFINED,UNDEFINED,UNDEFINED,UNDEFINED,UNDEFINED,UNDEFINED,UNDEFINED,UNDEFINED,UNDEFINED,UNDEFINED,UNDEFINED,UNDEFINED,UNDEFINED,UNDEFINED,UNDEFINED
1545,NO_JOB,UNDEFINED,UNDEFINED,UNDEFINED,UNDEFINED,UNDEFINED,UNDEFINED,UNDEFINED,UNDEFINED,UNDEFINED,UNDEFINED,UNDEFINED,UNDEFINED,UNDEFINED,UNDEFINED,UNDEFINED
1546,NO_JOB,UNDEFINED,UNDEFINED,UNDEFINED,UNDEFINED,UNDEFINED,UNDEFINED,UNDEFINED,UNDEFINED,UNDEFINED,UNDEFINED,UNDEFINED,UNDEFINED,UNDEFINED,UNDEFINED,UNDEFINED
1547,NO_JOB,UNDEFINED,UNDEFINED,UNDEFINED,UNDEFINED,UNDEFINED,UNDEFINED,UNDEFINED,UNDEFINED,UNDEFINED,UNDEFINED,UNDEFINED,UNDEFINED,UNDEFINED,UNDEFINED,UNDEFINED
1548,NO_JOB,UNDEFINED,UNDEFINED,UNDEFINED,UNDEFINED,UNDEFINED,UNDEFINED,UNDEFINED,UNDEFINED,UNDEFINED,UNDEFINED,UNDEFINED,UNDEFINED,UNDEFINED,UNDEFINED,UNDEFINED
1549,NO_JOB,UNDEFINED,UNDEFINED,UNDEFINED,UNDEFINED,UNDEFINED,UNDEFINED,UNDEFINED,UNDEFINED,UNDEFINED,UNDEFINED,UNDEFINED,UNDEFINED,UNDEFINED,UNDEFINED,UNDEFINED
1550,NO_JOB,UNDEFINED,UNDEFINED,UNDEFINED,UNDEFINED,UNDEFINED,UNDEFINED,UNDEFINED,UNDEFINED,UNDEFINED,UNDEFINED,UNDEFINED,UNDEFINED,UNDEFINED,UNDEFINED,UNDEFINED
1551,NO_JOB,UNDEFINED,UNDEFINED,UNDEFINED,UNDEFINED,UNDEFINED,UNDEFINED,UNDEFINED,UNDEFINED,UNDEFINED,UNDEFINED,UNDEFINED,UNDEFINED,UNDEFINED,UNDEFINED,UNDEFINED
1552,NO_JOB,UNDEFINED,UNDEFINED,UNDEFINED,UNDEFINED,UNDEFINED,UNDEFINED,UNDEFINED,UNDEFINED,UNDEFINED,UNDEFINED,UNDEFINED,UNDEFINED,UNDEFINED,UNDEFINED,UNDEFINED
1553,NO_JOB,UNDEFINED,UNDEFINED,UNDEFINED,UNDEFINED,UNDEFINED,UNDEFINED,UNDEFINED,UNDEFINED,UNDEFINED,UNDEFINED,UNDEFINED,UNDEFINED,UNDEFINED,UNDEFINED,UNDEFINED
1554,NO_JOB,UNDEFINED,UNDEFINED,UNDEFINED,UNDEFINED,UNDEFINED,UNDEFINED,UNDEFINED,UNDEFINED,UNDEFINED,UNDEFINED,UNDEFINED,UNDEFINED,UNDEFINED,UNDEFINED,UNDEFINED
1555,NO_JOB,UNDEFINED,UNDEFINED,UNDEFINED,UNDEFINED,UNDEFINED,UNDEFINED,UNDEFINED,UNDEFINED,UNDEFINED,UNDEFINED,UNDEFINED,UNDEFINED,UNDEFINED,UNDEFINED,UNDEFINED
1556,NO_JOB,UNDEFINED,UNDEFINED,UNDEFINED,UNDEFINED,UNDEFINED,UNDEFINED,UNDEFINED,UNDEFINED,UNDEFINED,UNDEFINED,UNDEFINED,UNDEFINED,UNDEFINED,UNDEFINED,UNDEFINED
1557,NO_JOB,UNDEFINED,UNDEFINED,UNDEFINED,UNDEFINED,UNDEFINED,UNDEFINED,UNDEFINED,UNDEFINED,UNDEFINED,UNDEFINED,UNDEFINED,UNDEFINED,UNDEFINED,UNDEFINED,UNDEFINED
1558,NO_JOB,UNDEFINED,UNDEFINED,UNDEFINED,UNDEFINED,UNDEFINED,UNDEFINED,UNDEFINED,UNDEFINED,UNDEFINED,UNDEFINED,UNDEFINED,UNDEFINED,UNDEFINED,UNDEFINED,UNDEFINED
1559,NO_JOB,UNDEFINED,UNDEFINED,UNDEFINED,UNDEFINED,UNDEFINED,UNDEFINED,UNDEFINED,UNDEFINED,UNDEFINED,UNDEFINED,UNDEFINED,UNDEFINED,UNDEFINED,UNDEFINED,UNDEFINED
1560,NO_JOB,UNDEFINED,UNDEFINED,UNDEFINED,UNDEFINED,UNDEFINED,UNDEFINED,UNDEFINED,UNDEFINED,UNDEFINED,UNDEFINED,UNDEFINED,UNDEFINED,UNDEFINED,UNDEFINED,UNDEFINED
1561,NO_JOB,UNDEFINED,UNDEFINED,UNDEFINED,UNDEFINED,UNDEFINED,UNDEFINED,UNDEFINED,UNDEFINED,UNDEFINED,UNDEFINED,UNDEFINED,UNDEFINED,UNDEFINED,UNDEFINED,UNDEFINED
1562,NO_JOB,UNDEFINED,UNDEFINED,UNDEFINED,UNDEFINED,UNDEFINED,UNDEFINED,UNDEFINED,UNDEFINED,UNDEFINED,UNDEFINED,UNDEFINED,UNDEFINED,UNDEFINED,UNDEFINED,UNDEFINED
1563,NO_JOB,UNDEFINED,UNDEFINED,UNDEFINED,UNDEFINED,UNDEFINED,UNDEFINED,UNDEFINED,UNDEFINED,UNDEFINED,UNDEFINED,UNDEFINED,UNDEFINED,UNDEFINED,UNDEFINED,UNDEFINED
1564,NO_JOB,UNDEFINED,UNDEFINED,UNDEFINED,UNDEFINED,UNDEFINED,UNDEFINED,UNDEFINED,UNDEFINED,UNDEFINED,UNDEFINED,UNDEFINED,UNDEFINED,UNDEFINED,UNDEFINED,UNDEFINED
1565,NO_JOB,UNDEFINED,UNDEFINED,UNDEFINED,UNDEFINED,UNDEFINED,UNDEFINED,UNDEFINED,UNDEFINED,UNDEFINED,UNDEFINED,UNDEFINED,UNDEFINED,UNDEFINED,UNDEFINED,UNDEFINED
1566,NO_JOB,UNDEFINED,UNDEFINED,UNDEFINED,UNDEFINED,UNDEFINED,UNDEFINED,UNDEFINED,UNDEFINED,UNDEFINED,UNDEFINED,UNDEFINED,UNDEFINED,UNDEFINED,UNDEFINED,UNDEFINED
1567,NO_JOB,UNDEFINED,UNDEFINED,UNDEFINED,UNDEFINED,UNDEFINED,UNDEFINED,UNDEFINED,UNDEFINED,UNDEFINED,UNDEFINED,UNDEFINED,UNDEFINED,UNDEFINED,UNDEFINED,UNDEFINED
1568,NO_JOB,UNDEFINED,UNDEFINED,UNDEFINED,UNDEFINED,UNDEFINED,UNDEFINED,UNDEFINED,UNDEFINED,UNDEFINED,UNDEFINED,UNDEFINED,UNDEFINED,UNDEFINED,UNDEFINED,UNDEFINED
1569,NO_JOB,UNDEFINED,UNDEFINED,UNDEFINED,UNDEFINED,UNDEFINED,UNDEFINED,UNDEFINED,UNDEFINED,UNDEFINED,UNDEFINED,UNDEFINED,UNDEFINED,UNDEFINED,UNDEFINED,UNDEFINED
1570,NO_JOB,UNDEFINED,UNDEFINED,UNDEFINED,UNDEFINED,UNDEFINED,UNDEFINED,UNDEFINED,UNDEFINED,UNDEFINED,UNDEFINED,UNDEFINED,UNDEFINED,UNDEFINED,UNDEFINED,UNDEFINED
1571,NO_JOB,UNDEFINED,UNDEFINED,UNDEFINED,UNDEFINED,UNDEFINED,UNDEFINED,UNDEFINED,UNDEFINED,UNDEFINED,UNDEFINED,UNDEFINED,UNDEFINED,UNDEFINED,UNDEFINED,UNDEFINED
1572,NO_JOB,UNDEFINED,UNDEFINED,UNDEFINED,UNDEFINED,UNDEFINED,UNDEFINED,UNDEFINED,UNDEFINED,UNDEFINED,UNDEFINED,UNDEFINED,UNDEFINED,UNDEFINED,UNDEFINED,UNDEFINED
1573,NO_JOB,UNDEFINED,UNDEFINED,UNDEFINED,UNDEFINED,UNDEFINED,UNDEFINED,UNDEFINED,UNDEFINED,UNDEFINED,UNDEFINED,UNDEFINED,UNDEFINED,UNDEFINED,UNDEFINED,UNDEFINED
1574,NO_JOB,UNDEFINED,UNDEFINED,UNDEFINED,UNDEFINED,UNDEFINED,UNDEFINED,UNDEFINED,UNDEFINED,UNDEFINED,UNDEFINED,UNDEFINED,UNDEFINED,UNDEFINED,UNDEFINED,UNDEFINED
1575,NO_JOB,UNDEFINED,UNDEFINED,UNDEFINED,UNDEFINED,UNDEFINED,UNDEFINED,UNDEFINED,UNDEFINED,UNDEFINED,UNDEFINED,UNDEFINED,UNDEFINED,UNDEFINED,UNDEFINED,UNDEFINED
1576,NO_JOB,UNDEFINED,UNDEFINED,UNDEFINED,UNDEFINED,UNDEFINED,UNDEFINED,UNDEFINED,UNDEFINED,UNDEFINED,UNDEFINED,UNDEFINED,UNDEFINED,UNDEFINED,UNDEFINED,UNDEFINED
1577,NO_JOB,UNDEFINED,UNDEFINED,UNDEFINED,UNDEFINED,UNDEFINED,UNDEFINED,UNDEFINED,UNDEFINED,UNDEFINED,UNDEFINED,UNDEFINED,UNDEFINED,UNDEFINED,UNDEFINED,UNDEFINED
1578,NO_JOB,UNDEFINED,UNDEFINED,UNDEFINED,UNDEFINED,UNDEFINED,UNDEFINED,UNDEFINED,UNDEFINED,UNDEFINED,UNDEFINED,UNDEFINED,UNDEFINED,UNDEFINED,UNDEFINED,UNDEFINED
1579,NO_JOB,UNDEFINED,UNDEFINED,UNDEFINED,UNDEFINED,UNDEFINED,UNDEFINED,UNDEFINED,UNDEFINED,UNDEFINED,UNDEFINED,UNDEFINED,UNDEFINED,UNDEFINED,UNDEFINED,UNDEFINED
1580,NO_JOB,UNDEFINED,UNDEFINED,UNDEFINED,UNDEFINED,UNDEFINED,UNDEFINED,UNDEFINED,UNDEFINED,UNDEFINED,UNDEFINED,UNDEFINED,UNDEFINED,UNDEFINED,UNDEFINED,UNDEFINED
1581,NO_JOB,UNDEFINED,UNDEFINED,UNDEFINED,UNDEFINED,UNDEFINED,UNDEFINED,UNDEFINED,UNDEFINED,UNDEFINED,UNDEFINED,UNDEFINED,UNDEFINED,UNDEFINED,UNDEFINED,UNDEFINED
1582,NO_JOB,UNDEFINED,UNDEFINED,UNDEFINED,UNDEFINED,UNDEFINED,UNDEFINED,UNDEFINED,UNDEFINED,UNDEFINED,UNDEFINED,UNDEFINED,UNDEFINED,UNDEFINED,UNDEFINED,UNDEFINED
1583,NO_JOB,UNDEFINED,UNDEFINED,UNDEFINED,UNDEFINED,UNDEFINED,UNDEFINED,UNDEFINED,UNDEFINED,UNDEFINED,UNDEFINED,UNDEFINED,UNDEFINED,UNDEFINED,UNDEFINED,UNDEFINED
1584,NO_JOB,UNDEFINED,UNDEFINED,UNDEFINED,UNDEFINED,UNDEFINED,UNDEFINED,UNDEFINED,UNDEFINED,UNDEFINED,UNDEFINED,UNDEFINED,UNDEFINED,UNDEFINED,UNDEFINED,UNDEFINED
1585,NO_JOB,UNDEFINED,UNDEFINED,UNDEFINED,UNDEFINED,UNDEFINED,UNDEFINED,UNDEFINED,UNDEFINED,UNDEFINED,UNDEFINED,UNDEFINED,UNDEFINED,UNDEFINED,UNDEFINED,UNDEFINED
1586,NO_JOB,UNDEFINED,UNDEFINED,UNDEFINED,UNDEFINED,UNDEFINED,UNDEFINED,UNDEFINED,UNDEFINED,UNDEFINED,UNDEFINED,UNDEFINED,UNDEFINED,UNDEFINED,UNDEFINED,UNDEFINED
1587,NO_JOB,UNDEFINED,UNDEFINED,UNDEFINED,UNDEFINED,UNDEFINED,UNDEFINED,UNDEFINED,UNDEFINED,UNDEFINED,UNDEFINED,UNDEFINED,UNDEFINED,UNDEFINED,UNDEFINED,UNDEFINED
1588,NO_JOB,UNDEFINED,UNDEFINED,UNDEFINED,UNDEFINED,UNDEFINED,UNDEFINED,UNDEFINED,UNDEFINED,UNDEFINED,UNDEFINED,UNDEFINED,UNDEFINED,UNDEFINED,UNDEFINED,UNDEFINED
1589,NO_JOB,UNDEFINED,UNDEFINED,UNDEFINED,UNDEFINED,UNDEFINED,UNDEFINED,UNDEFINED,UNDEFINED,UNDEFINED,UNDEFINED,UNDEFINED,UNDEFINED,UNDEFINED,UNDEFINED,UNDEFINED
1590,NO_JOB,UNDEFINED,UNDEFINED,UNDEFINED,UNDEFINED,UNDEFINED,UNDEFINED,UNDEFINED,UNDEFINED,UNDEFINED,UNDEFINED,UNDEFINED,UNDEFINED,UNDEFINED,UNDEFINED,UNDEFINED
1591,NO_JOB,UNDEFINED,UNDEFINED,UNDEFINED,UNDEFINED,UNDEFINED,UNDEFINED,UNDEFINED,UNDEFINED,UNDEFINED,UNDEFINED,UNDEFINED,UNDEFINED,UNDEFINED,UNDEFINED,UNDEFINED
1592,NO_JOB,UNDEFINED,UNDEFINED,UNDEFINED,UNDEFINED,UNDEFINED,UNDEFINED,UNDEFINED,UNDEFINED,UNDEFINED,UNDEFINED,UNDEFINED,UNDEFINED,UNDEFINED,UNDEFINED,UNDEFINED
1593,NO_JOB,UNDEFINED,UNDEFINED,UNDEFINED,UNDEFINED,UNDEFINED,UNDEFINED,UNDEFINED,UNDEFINED,UNDEFINED,UNDEFINED,UNDEFINED,UNDEFINED,UNDEFINED,UNDEFINED,UNDEFINED
1594,NO_JOB,UNDEFINED,UNDEFINED,UNDEFINED,UNDEFINED,UNDEFINED,UNDEFINED,UNDEFINED,UNDEFINED,UNDEFINED,UNDEFINED,UNDEFINED,UNDEFINED,UNDEFINED,UNDEFINED,UNDEFINED
1595,NO_JOB,UNDEFINED,UNDEFINED,UNDEFINED,UNDEFINED,UNDEFINED,UNDEFINED,UNDEFINED,UNDEFINED,UNDEFINED,UNDEFINED,UNDEFINED,UNDEFINED,UNDEFINED,UNDEFINED,UNDEFINED
1596,NO_JOB,UNDEFINED,UNDEFINED,UNDEFINED,UNDEFINED,UNDEFINED,UNDEFINED,UNDEFINED,UNDEFINED,UNDEFINED,UNDEFINED,UNDEFINED,UNDEFINED,UNDEFINED,UNDEFINED,UNDEFINED
1597,NO_JOB,UNDEFINED,UNDEFINED,UNDEFINED,UNDEFINED,UNDEFINED,UNDEFINED,UNDEFINED,UNDEFINED,UNDEFINED,UNDEFINED,UNDEFINED,UNDEFINED,UNDEFINED,UNDEFINED,UNDEFINED
1598,NO_JOB,UNDEFINED,UNDEFINED,UNDEFINED,UNDEFINED,UNDEFINED,UNDEFINED,UNDEFINED,UNDEFINED,UNDEFINED,UNDEFINED,UNDEFINED,UNDEFINED,UNDEFINED,UNDEFINED,UNDEFINED
1599,NO_JOB,UNDEFINED,UNDEFINED,UNDEFINED,UNDEFINED,UNDEFINED,UNDEFINED,UNDEFINED,UNDEFINED,UNDEFINED,UNDEFINED,UNDEFINED,UNDEFINED,UNDEFINED,UNDEFINED,UNDEFINED
1600,NO_JOB,UNDEFINED,UNDEFINED,UNDEFINED,UNDEFINED,UNDEFINED,UNDEFINED,UNDEFINED,UNDEFINED,UNDEFINED,UNDEFINED,UNDEFINED,UNDEFINED,UNDEFINED,UNDEFINED,UNDEFINED
